entity_id,company_name,country,wikidata_qid,wikidata_description,wikidata_country,wikidata_hq
http://www.wikidata.org/entity/Q29637,škoda auto,Czech Republic,Q29637,automotive manufacturing subsidiary of Volkswagen Group,Czech Republic,Mladá Boleslav
http://www.wikidata.org/entity/Q29803,isuzu,Japan,Q29803,Japanese company manufacturing motor vehicles,Japan,Yokohama
http://www.wikidata.org/entity/Q29855,cage warriors,United Kingdom,Q29855,"Mixed martial arts promotion, based in London, UK.",United Kingdom,London
http://www.wikidata.org/entity/Q30113,q30113,United States,Q30113,US automotive company,United States,Toledo
http://www.wikidata.org/entity/Q30373,kaipan,Czech Republic,Q30373,Czech vehicle manufacturer,Czech Republic,Smržovka
http://www.wikidata.org/entity/Q30378,kamaz,Russia,Q30378,Russian truck and bus manufacturer,Russia,Naberezhnye Chelny
http://www.wikidata.org/entity/Q30873,dell,United States,Q30873,American multinational computer technology corporation,United States,Round Rock
http://www.wikidata.org/entity/Q32277,virgin atlantic,United Kingdom,Q32277,British airline,United Kingdom,Crawley
http://www.wikidata.org/entity/Q32294,mpl communications,United Kingdom,Q32294,holding company for the business interests of Sir Paul McCartney,United Kingdom,New York City
http://www.wikidata.org/entity/Q32396,american airlines,United States,Q32396,major airline of the United States,United States,Fort Worth
http://www.wikidata.org/entity/Q34416,saint-gobain building distribution germany,Germany,Q34416,German subsidiary of French industrial firm Saint-Gobain,Germany,Offenbach am Main
http://www.wikidata.org/entity/Q34534,lite-on technology,Taiwan,Q34534,computer storage devices company,Taiwan,Taipei
http://www.wikidata.org/entity/Q35305,karosa,Czech Republic,Q35305,Czech Republic bus manufacturer (1896-1999),Czech Republic,Vysoké Mýto
http://www.wikidata.org/entity/Q35305,karosa,Czechoslovakia,Q35305,Czech Republic bus manufacturer (1896-1999),Czech Republic,Vysoké Mýto
http://www.wikidata.org/entity/Q35339,wwe,United States,Q35339,American professional wrestling and entertainment company,United States,Stamford
http://www.wikidata.org/entity/Q35349,kia,South Korea,Q35349,South Korean automobile manufacturer,South Korea,Seoul
http://www.wikidata.org/entity/Q35476,at&t,United States,Q35476,American multinational conglomerate,United States,Dallas
http://www.wikidata.org/entity/Q35594,koenigsegg,Sweden,Q35594,Swedish manufacturer of high-performance sports cars,Sweden,Ängelholm
http://www.wikidata.org/entity/Q35886,lamborghini,Italy,Q35886,Italian car manufacturer,Italy,Sant'Agata Bolognese
http://www.wikidata.org/entity/Q35914,laurin & klement,Austria–Hungary,Q35914,"bicycle, motorcycle and automobile manufacturer in Bohemia",Austria–Hungary,Mladá Boleslav
http://www.wikidata.org/entity/Q35914,laurin & klement,Czechoslovakia,Q35914,"bicycle, motorcycle and automobile manufacturer in Bohemia",Austria–Hungary,Mladá Boleslav
http://www.wikidata.org/entity/Q35927,liaz,Czech Republic,Q35927,Czech and Czechoslovak manufacturer of trucks,Czech Republic,Liberec
http://www.wikidata.org/entity/Q35927,liaz,Czechoslovakia,Q35927,Czech and Czechoslovak manufacturer of trucks,Czech Republic,Liberec
http://www.wikidata.org/entity/Q36008,mercedes-benz,Germany,Q36008,German automobile brand owned by Mercedes-Benz AG,Germany,Stuttgart
http://www.wikidata.org/entity/Q37156,ibm,United States,Q37156,American multinational technology corporation,United States,Armonk
http://www.wikidata.org/entity/Q38076,mcdonald's,United States,Q38076,American fast food restaurant chain,United States,Chicago
http://www.wikidata.org/entity/Q38676,agnico eagle mines,Canada,Q38676,Canadian gold producer,Canada,Toronto
http://www.wikidata.org/entity/Q38928,pnc financial services,United States,Q38928,North American bank,United States,One PNC Plaza
http://www.wikidata.org/entity/Q39064,canonical ltd.,United Kingdom,Q39064,"London-based software company, developer of Ubuntu",United Kingdom,London
http://www.wikidata.org/entity/Q39146,bank of beijing,People's Republic of China,Q39146,"commercial bank based in Beijing, China",People's Republic of China,Beijing
http://www.wikidata.org/entity/Q39183,fc zlín,Czech Republic,Q39183,Czech association football club,Czech Republic,Zlín
http://www.wikidata.org/entity/Q39586,talvivaara mining company,Finland,Q39586,Finnish-based mining business,Finland,Haukilahti
http://www.wikidata.org/entity/Q40233,european pressphoto agency,Germany,Q40233,international news photo agency,Germany,Frankfurt
http://www.wikidata.org/entity/Q40650,imperial oil,Canada,Q40650,Canadian petroleum company,Canada,Toronto
http://www.wikidata.org/entity/Q40963,oltcit,Romania,Q40963,automobile manufacturer,Romania,Craiova
http://www.wikidata.org/entity/Q40978,pierce-arrow,United States,Q40978,American automobile manufacturer,United States,Buffalo
http://www.wikidata.org/entity/Q41014,rickenbacker,United States,Q41014,electric and bass guitar manufacturer,United States,Santa Ana
http://www.wikidata.org/entity/Q41230,islamic development bank,Saudi Arabia,Q41230,"multilateral development financing institution located in Jeddah, Saudi Arabia",Saudi Arabia,Jeddah
http://www.wikidata.org/entity/Q41461,abb oy,Finland,Q41461,Finnish subsidiary of ABB,Finland,Helsinki
http://www.wikidata.org/entity/Q41463,total e&p,Denmark,Q41463,Danish oil and gas company,Denmark,Copenhagen
http://www.wikidata.org/entity/Q43320,opentable,United States,Q43320,American internet company owned by Booking Holdings,United States,San Francisco
http://www.wikidata.org/entity/Q43335,bursa malaysia,Malaysia,Q43335,"formerly known as Kuala Lumpur Stock Exchange, exchange holding company located in Kuala Lumpur, Malaysia",Malaysia,Exchange Square
http://www.wikidata.org/entity/Q43386,perlis plantations bhd,Malaysia,Q43386,company,Malaysia,Kuala Lumpur
http://www.wikidata.org/entity/Q43709,rfm corporation,Philippines,Q43709,company,Philippines,Mandaluyong
http://www.wikidata.org/entity/Q44027,iran tractor manufacturing company,Iran,Q44027,Iranian tractor and heavy equipment manufacturer,Iran,Tabriz
http://www.wikidata.org/entity/Q44092,aesculap,Germany,Q44092,German surgical instrument company,Germany,Tuttlingen
http://www.wikidata.org/entity/Q44294,ford motor company,United States,Q44294,American multinational automotive company,United States,Dearborn
http://www.wikidata.org/entity/Q44353,db cargo,Germany,Q44353,international transport and logistics company,Germany,Mainz
http://www.wikidata.org/entity/Q44504,inditex,Spain,Q44504,Spanish multinational clothing company,Spain,Arteixo
http://www.wikidata.org/entity/Q45464,tatra,Czech Republic,Q45464,Czech vehicle manufacturer,Czech Republic,Kopřivnice
http://www.wikidata.org/entity/Q45557,flsmidth,Denmark,Q45557,company,Denmark,Valby
http://www.wikidata.org/entity/Q45568,unicredit,Italy,Q45568,Italian global banking and financial services company,Italy,UniCredit Tower
http://www.wikidata.org/entity/Q45576,novonesis,Denmark,Q45576,Danish company,Denmark,Bagsværd
http://www.wikidata.org/entity/Q45600,bitstream inc.,United States,Q45600,typeface foundry,United States,Cambridge
http://www.wikidata.org/entity/Q46719,zbrojovka brno,Czech Republic,Q46719,defunct Czech firearm and vehicle manufacturer,Czech Republic,Prague
http://www.wikidata.org/entity/Q46719,zbrojovka brno,Czechoslovakia,Q46719,defunct Czech firearm and vehicle manufacturer,Czech Republic,Prague
http://www.wikidata.org/entity/Q46730,banca monte dei paschi di siena,Italy,Q46730,Italian bank,Italy,Siena
http://www.wikidata.org/entity/Q46974,canadian pacific railway,Canada,Q46974,Class I railroad in Canada and U.S.,Canada,Calgary
http://www.wikidata.org/entity/Q46974,canadian pacific railway,United States,Q46974,Class I railroad in Canada and U.S.,Canada,Calgary
http://www.wikidata.org/entity/Q47099,grupo televisa,Mexico,Q47099,Mexican entertainment and media conglomerate,Mexico,Mexico City
http://www.wikidata.org/entity/Q48505,luxor ab,Sweden,Q48505,Swedish home electronics and computer manufacturer located in Motala,Sweden,Motala
http://www.wikidata.org/entity/Q48754,ppg industries,United States,Q48754,"global supplier of glass, paint, coatings and chemical products",United States,Pittsburgh
http://www.wikidata.org/entity/Q48755,rpm international,United States,Q48755,multinational holding company,United States,Medina
http://www.wikidata.org/entity/Q48822,valspar,United States,Q48822,company,United States,Minneapolis
http://www.wikidata.org/entity/Q48872,eaton corporation,Ireland,Q48872,multinational power management company,Ireland,Cleveland
http://www.wikidata.org/entity/Q48872,eaton corporation,United States,Q48872,multinational power management company,Ireland,Cleveland
http://www.wikidata.org/entity/Q48881,sherwin-williams,United States,Q48881,American paint and coatings manufacturing company,United States,Cleveland
http://www.wikidata.org/entity/Q49125,toshiba,Japan,Q49125,Japanese multinational conglomerate corporation,Japan,Minato
http://www.wikidata.org/entity/Q49203,sanyo,Japan,Q49203,Japanese electronics company,Japan,Osaka
http://www.wikidata.org/entity/Q50907,q50907,Denmark,Q50907,Danish industrial paint and wood manufacturer,Denmark,Søborg
http://www.wikidata.org/entity/Q50909,ab wilh. becker,Sweden,Q50909,"Swedish paint company, founded 1865",Sweden,Höganäs
http://www.wikidata.org/entity/Q50911,imageshack,United States,Q50911,image hosting website,United States,Los Gatos
http://www.wikidata.org/entity/Q50912,akzonobel,Netherlands,Q50912,Dutch chemical company,Netherlands,Amsterdam
http://www.wikidata.org/entity/Q51709,"foursquare labs, inc.",United States,Q51709,American technology company,United States,New York City
http://www.wikidata.org/entity/Q51711,quora,United States,Q51711,American question-and-answer website,United States,Mountain View
http://www.wikidata.org/entity/Q51744,autonavi holdings limited,People's Republic of China,Q51744,corporation of digital map content and navigation and location-based solutions,People's Republic of China,Wangjing subdistrict
http://www.wikidata.org/entity/Q51756,china airlines,Taiwan,Q51756,flag carrier and largest airline in Republic of China,Taiwan,CAL Park
http://www.wikidata.org/entity/Q52245,verkehrsbetriebe biel/transports publics biennois,Switzerland,Q52245,company,Switzerland,Biel/Bienne
http://www.wikidata.org/entity/Q52579,lkab,Sweden,Q52579,Swedish mining company,Sweden,Luleå
http://www.wikidata.org/entity/Q52592,stora kopparbergs bergslags aktiebolag,Sweden,Q52592,defunct Swedish company active in the wood industry,Sweden,Falun
http://www.wikidata.org/entity/Q136132,arcandor,Germany,Q136132,company,Germany,Essen
http://www.wikidata.org/entity/Q136135,zg raiffeisen,Germany,Q136135,German agricultural supply cooperative,Germany,Karlsruhe
http://www.wikidata.org/entity/Q136196,analytik jena,Germany,Q136196,company,Germany,Jena
http://www.wikidata.org/entity/Q136279,cph deutschland,Germany,Q136279,company,Germany,Essen
http://www.wikidata.org/entity/Q136331,nos,Portugal,Q1515393,Dutch broadcasting organisation,Netherlands,Hilversum
http://www.wikidata.org/entity/Q136484,zte,People's Republic of China,Q144952,Hungarian association football club,Hungary,Zalaegerszeg
http://www.wikidata.org/entity/Q136542,hochtief,Germany,Q136542,German construction company,Germany,Essen
http://www.wikidata.org/entity/Q136738,mothercare,United Kingdom,Q136738,British manufacturer of products for expectant mothers and young children,United Kingdom,Watford
http://www.wikidata.org/entity/Q136915,medion,Germany,Q136915,German electronic products company,Germany,Gustav-Heinemann-Kaserne
http://www.wikidata.org/entity/Q137023,primark,Ireland,Q137023,Irish clothing retailer,Ireland,Dublin
http://www.wikidata.org/entity/Q137086,mindware studios,Czech Republic,Q137086,Czech video game developer,Czech Republic,Prague
http://www.wikidata.org/entity/Q137317,funke mediengruppe,Germany,Q137317,German media and newspaper company,Germany,Essen
http://www.wikidata.org/entity/Q137803,sumitomo chemical,Japan,Q137803,company,Japan,Chūō
http://www.wikidata.org/entity/Q137910,thyssenkrupp ag,Germany,Q137910,German multinational conglomerate corporation,Germany,Essen
http://www.wikidata.org/entity/Q138109,baume et mercier,Switzerland,Q138109,Swiss luxury watchmaker,Switzerland,Geneva
http://www.wikidata.org/entity/Q138133,rwe,Germany,Q138133,German multinational energy company,Germany,Essen
http://www.wikidata.org/entity/Q138532,q138532,Germany,Q138532,"German watch manufacturer from Glashütte, Saxony",Germany,Glashütte
http://www.wikidata.org/entity/Q138736,qbe insurance,Australia,Q138736,company,Australia,Sydney
http://www.wikidata.org/entity/Q138799,aperam south america,Brazil,Q138799,Brazilian steel company,Brazil,Belo Horizonte
http://www.wikidata.org/entity/Q138913,jysk,Denmark,Q138913,Danish multinational furniture company,Denmark,Brabrand
http://www.wikidata.org/entity/Q140381,zagrebačka banka,Croatia,Q140381,largest bank in Croatia,Croatia,Zagreb
http://www.wikidata.org/entity/Q140388,zagreb stock exchange,Croatia,Q140388,"stock exchange located in Zagreb, Croatia",Croatia,Zagreb
http://www.wikidata.org/entity/Q142054,kumon,Canada,Q142054,educational company based in Japan,Canada,Osaka
http://www.wikidata.org/entity/Q142054,kumon,Japan,Q142054,educational company based in Japan,Canada,Osaka
http://www.wikidata.org/entity/Q142054,kumon,United States,Q142054,educational company based in Japan,Canada,Osaka
http://www.wikidata.org/entity/Q142054,kumon,Taiwan,Q142054,educational company based in Japan,Canada,Osaka
http://www.wikidata.org/entity/Q142054,kumon,South Korea,Q142054,educational company based in Japan,Canada,Osaka
http://www.wikidata.org/entity/Q142054,kumon,Hong Kong,Q142054,educational company based in Japan,Canada,Osaka
http://www.wikidata.org/entity/Q142691,montblanc international gmbh,Germany,Q142691,German company,Germany,Hamburg
http://www.wikidata.org/entity/Q142720,autoneum,Switzerland,Q142720,Swiss automotive supplier,Switzerland,Winterthur
http://www.wikidata.org/entity/Q142765,starpath,United States,Q142765,company,United States,Livermore
http://www.wikidata.org/entity/Q143435,unum,United States,Q143435,company,United States,Chattanooga
http://www.wikidata.org/entity/Q143616,united microelectronics corporation,Taiwan,Q143616,semiconductor foundry company headquartered in Taiwan,Taiwan,Hsinchu City
http://www.wikidata.org/entity/Q143833,kaspi bank,Kazakhstan,Q143833,Kazakh financial institution,Kazakhstan,Almaty
http://www.wikidata.org/entity/Q143852,eurasian bank,Kazakhstan,Q143852,company,Kazakhstan,Almaty
http://www.wikidata.org/entity/Q144364,zain group,Kuwait,Q144364,Kuwaiti multinational telecommunications company,Kuwait,Kuwait City
http://www.wikidata.org/entity/Q144617,tim group,Italy,Q144617,Italian telecommunications company,Italy,Rome
http://www.wikidata.org/entity/Q144888,zakłady chemiczne police,Poland,Q144888,public company,Poland,Police
http://www.wikidata.org/entity/Q145168,dollar general,United States,Q145168,discount variety store chain in the USA,United States,Goodlettsville
http://www.wikidata.org/entity/Q145270,coverity,United States,Q145270,company,United States,San Francisco
http://www.wikidata.org/entity/Q145510,zambia national commercial bank,Zambia,Q145510,commercial bank in Zambia,Zambia,Lusaka
http://www.wikidata.org/entity/Q145614,magyar posta,Hungary,Q145614,Hungarian postal company,Hungary,Budapest
http://www.wikidata.org/entity/Q145663,hansa borg bryggerier,Norway,Q145663,company,Norway,Bergen
http://www.wikidata.org/entity/Q147065,electrolux italy,Italy,Q147065,Italian producer of home appliances,Italy,Pordenone
http://www.wikidata.org/entity/Q147224,hrg group,United States,Q147224,American company,United States,Rochester
http://www.wikidata.org/entity/Q147421,zapp ag,Germany,Q147421,"international group of companies in the field of metal working based in Ratingen, Germany",Germany,Ratingen
http://www.wikidata.org/entity/Q147505,zappos,United States,Q147505,online shoe and clothing shop,United States,Las Vegas
http://www.wikidata.org/entity/Q147951,zarges,Germany,Q147951,business,Germany,Ailly-sur-Noye
http://www.wikidata.org/entity/Q148220,zastava arms,Serbia,Q148220,Serbian defense company,Serbia,Kragujevac
http://www.wikidata.org/entity/Q148315,zato vehicles,Germany,Q148315,automobile manufacturer,Germany,Niederbreitbach
http://www.wikidata.org/entity/Q149947,midway games,United States,Q149947,former American video game developing and publishing company,United States,Chicago
http://www.wikidata.org/entity/Q150437,penta investments limited,Jersey,Q150437,"Central Europe investment group founded in 1994 in Slovakia, based in Jersey",Jersey,Saint Helier
http://www.wikidata.org/entity/Q151135,youku,People's Republic of China,Q151135,Chinese video platform,People's Republic of China,Beijing
http://www.wikidata.org/entity/Q151137,margarete steiff gmbh,Germany,Q151137,plush toy company based in Germany,Germany,Giengen an der Brenz
http://www.wikidata.org/entity/Q151154,gerolsteiner brunnen,Germany,Q151154,German company,Germany,Gerolstein
http://www.wikidata.org/entity/Q151224,skyline chili,United States,Q151224,American restaurant chain specializing in Cincinnati chili,United States,Fairfield
http://www.wikidata.org/entity/Q151392,aachener kaiserbrunnen,Germany,Q151392,business,Germany,Aachen
http://www.wikidata.org/entity/Q151392,aachener kaiserbrunnen,German Reich,Q151392,business,Germany,Aachen
http://www.wikidata.org/entity/Q151670,alleghany corporation,United States,Q151670,company,United States,New York City
http://www.wikidata.org/entity/Q151954,lidl,Germany,Q151954,German global discount supermarket chain,Germany,Neckarsulm
http://www.wikidata.org/entity/Q152051,bayer,Germany,Q152051,"German multinational pharmaceutical, chemical, and agricultural biotechnology company",Germany,Leverkusen
http://www.wikidata.org/entity/Q152057,bp,United Kingdom,Q152057,British multinational oil and gas company,United Kingdom,London
http://www.wikidata.org/entity/Q152161,ketschenburg-brauerei,Germany,Q152161,business,Germany,Stolberg
http://www.wikidata.org/entity/Q152186,stadtwerke bonn,Germany,Q152186,public transport and utility company,Germany,Bonn
http://www.wikidata.org/entity/Q152433,xerox,United States,Q152433,American document management corporation,United States,Norwalk
http://www.wikidata.org/entity/Q152517,hyundai rotem,South Korea,Q152517,South Korean machinery manufacturer,South Korea,Uiwang
http://www.wikidata.org/entity/Q152695,amer sports,Finland,Q152695,company based in Finland,Finland,Helsinki
http://www.wikidata.org/entity/Q53257,mitsubishi electric,Japan,Q53257,Japanese electronics and electrical equipments manufacturing company,Japan,Chiyoda
http://www.wikidata.org/entity/Q54074,tgoj,Sweden,Q54074,company,Sweden,Eskilstuna
http://www.wikidata.org/entity/Q54075,ssab,Sweden,Q54075,"Swedish company, specialised in processing raw material to steel",Sweden,Stockholm
http://www.wikidata.org/entity/Q54173,general electric,United States,Q54173,American multinational conglomerate,United States,Boston
http://www.wikidata.org/entity/Q55206,sally ride science,United States,Q55206,"science education non-profit organization in San Diego, California, USA",United States,San Diego
http://www.wikidata.org/entity/Q55441,zeltia,Spain,Q55441,company,Spain,Madrid
http://www.wikidata.org/entity/Q58014,allegro,Poland,Q58014,online shopping and e-commerce marketplace platform,Poland,Poznań
http://www.wikidata.org/entity/Q58024,ebay,United States,Q58024,American multinational internet corporation that manages eBay.com,United States,San Jose
http://www.wikidata.org/entity/Q59165,prosiebensat.1 media se,Germany,Q59165,German mass media company,Germany,Unterföhring
http://www.wikidata.org/entity/Q59186,walter aircraft engines,Czech Republic,Q59186,motor vehicle and aircraft engine manufacturer in Czechia,Czech Republic,Prague
http://www.wikidata.org/entity/Q59506,grönlunds orgelbyggeri,Sweden,Q59506,Swedish company,Sweden,Gammelstad Church Town
http://www.wikidata.org/entity/Q59507,astrotech corporation,United States,Q59507,American aerospace company,United States,Austin
http://www.wikidata.org/entity/Q59551,warsaw stock exchange,Poland,Q59551,"stock exchange located in Warsaw, Poland",Poland,Warsaw
http://www.wikidata.org/entity/Q60003,orkla group,Norway,Q60003,company,Norway,Oslo
http://www.wikidata.org/entity/Q60033,waterlow  sons ltd,United Kingdom,Q60033,publisher,United Kingdom,United Kingdom
http://www.wikidata.org/entity/Q60162,canadian bank note company,Canada,Q60162,Canadian company that supplies bank notes,Canada,Ottawa
http://www.wikidata.org/entity/Q60188,mobico group,United Kingdom,Q60188,British transport group,United Kingdom,Birmingham Coach Station
http://www.wikidata.org/entity/Q60299,hamleys,United Kingdom,Q60299,British toy store,United Kingdom,London
http://www.wikidata.org/entity/Q62288,rolex,Switzerland,Q62288,Swiss luxury watch designer and manufacturer,Switzerland,Geneva
http://www.wikidata.org/entity/Q62299,jolla,Finland,Q62299,Finland-based developer of smartphones,Finland,Helsinki
http://www.wikidata.org/entity/Q62341,vacheron constantin,Switzerland,Q62341,Swiss watch company,Switzerland,Plan-les-Ouates
http://www.wikidata.org/entity/Q62621,canon inc.,Japan,Q62621,Japanese multinational imaging corporation,Japan,Ota
http://www.wikidata.org/entity/Q63327,airbnb,United States,Q63327,American online platform for rental accommodations,United States,San Francisco
http://www.wikidata.org/entity/Q63335,foot locker,United States,Q63335,American sportswear and footwear retailer,United States,New York City
http://www.wikidata.org/entity/Q63529,westermo network technologies,Sweden,Q63529,business,Sweden,Stora Sundby
http://www.wikidata.org/entity/Q63608,ogres knitwear,Latvia,Q63608,company based in Latvia,Latvia,Ogre
http://www.wikidata.org/entity/Q64545,hasselblad,Sweden,Q64545,Swedish company,Sweden,Gothenburg
http://www.wikidata.org/entity/Q64698,xmos,United Kingdom,Q64698,company,United Kingdom,Bristol
http://www.wikidata.org/entity/Q65275,plansee group,Austria,Q65275,company,Austria,Reutte
http://www.wikidata.org/entity/Q65310,euroset,Russia,Q65310,Russian company retailer,Russia,Moscow
http://www.wikidata.org/entity/Q65358,gallup,United States,Q65358,American analytics and advisory company,United States,"Washington, D.C."
http://www.wikidata.org/entity/Q71946,ak steel holding,United States,Q71946,company,United States,West Chester Township
http://www.wikidata.org/entity/Q72539,u.s. steel,United States,Q72539,US steel-producing company,United States,Pittsburgh
http://www.wikidata.org/entity/Q73002,extreme championship wrestling,United States,Q73002,defunct American professional wrestling promotion,United States,Philadelphia
http://www.wikidata.org/entity/Q73053,schwinn bicycle company,United States,Q73053,American bicycle company,United States,Chicago
http://www.wikidata.org/entity/Q73251,symrise,Germany,Q73251,German chemical company that produces flavor and fragrances,Germany,Holzminden
http://www.wikidata.org/entity/Q73292,stiebel eltron,Germany,Q73292,company,Germany,Holzminden
http://www.wikidata.org/entity/Q74193,kaplan international languages,United States,Q74193,company,United States,London
http://www.wikidata.org/entity/Q74603,bratislava stock exchange,Slovakia,Q74603,"stock exchange located in Bratislava, Slovakia",Slovakia,Bratislava
http://www.wikidata.org/entity/Q74716,grass valley k.k.,Japan,Q74716,Manufacturer of video editing cards and video editing software,Japan,Kobe
http://www.wikidata.org/entity/Q74983,tnuva,Israel,Q74983,Israeli cooperative,Israel,Israel
http://www.wikidata.org/entity/Q75776,fox sports,United States,Q75776,sports programming division of the Fox Corporation,United States,Los Angeles
http://www.wikidata.org/entity/Q76039,hudson's bay company,Canada,Q76039,"Canadian retail business group, former fur trading business",Canada,Toronto
http://www.wikidata.org/entity/Q76812,kings bay,Norway,Q76812,company,Norway,Ny-Ålesund
http://www.wikidata.org/entity/Q76847,erhard seminars training,United States,Q76847,company,United States,San Francisco
http://www.wikidata.org/entity/Q77202,1c company,Russia,Q77202,Russian computer software developer,Russia,Moscow
http://www.wikidata.org/entity/Q79847,supremesat,Sri Lanka,Q79847,company,Sri Lanka,Colombo
http://www.wikidata.org/entity/Q80010,libyan foreign bank,Libya,Q80010,Libyan banking institution,Libya,Tripoli
http://www.wikidata.org/entity/Q80281,fpt,Italy,Q610241,Vietnamese IT company,Vietnam,Hanoi
http://www.wikidata.org/entity/Q80635,airgas,United States,Q80635,American industrial supply company,United States,Radnor
http://www.wikidata.org/entity/Q80788,dnb bank,Norway,Q80788,Norwegian bank,Norway,Oslo
http://www.wikidata.org/entity/Q80978,hewlett-packard,United States,Q80978,American information technology company,United States,Palo Alto
http://www.wikidata.org/entity/Q81134,excalibur almaz,Isle of Man,Q81134,private spaceflight company,Isle of Man,Douglas
http://www.wikidata.org/entity/Q81191,istituto poligrafico e zecca dello stato,Italy,Q81191,Italian mint,Italy,Rome
http://www.wikidata.org/entity/Q81230,siemens,Germany,Q81230,German multinational conglomerate company,Germany,Munich
http://www.wikidata.org/entity/Q81308,cambior,Canada,Q81308,Canadian gold producer,Canada,Quebec City
http://www.wikidata.org/entity/Q81481,q81481,France,Q81481,company,France,Issy-les-Moulineaux
http://www.wikidata.org/entity/Q81510,continental barum,Czech Republic,Q81510,company in the Czech Republic,Czech Republic,Otrokovice
http://www.wikidata.org/entity/Q81704,fokus bank,Norway,Q81704,company,Norway,Trondheim
http://www.wikidata.org/entity/Q81965,general motors,United States,Q81965,American multinational automotive company,United States,Detroit
http://www.wikidata.org/entity/Q82929,stena sphere,Sweden,Q82929,company,Sweden,Gothenburg
http://www.wikidata.org/entity/Q83164,east india company,United Kingdom of Great Britain and Ireland,Q83164,British trading company (1600–1874),United Kingdom of Great Britain and Ireland,London
http://www.wikidata.org/entity/Q83511,zakłady azotowe puławy,Poland,Q83511,company,Poland,Puławy
http://www.wikidata.org/entity/Q83723,a+e global media,United States,Q83723,American media company,United States,New York City
http://www.wikidata.org/entity/Q83750,desigual,Spain,Q83750,clothing brand headquartered in Barcelona,Spain,Barcelona
http://www.wikidata.org/entity/Q83822,austrian federal railways,Austria,Q83822,Austrian state-owned railway company,Austria,ÖBB Konzernzentrale Hauptbahnhof Wien
http://www.wikidata.org/entity/Q83823,ferrovie dello stato italiane,Italy,Q83823,national rail operator of Italy,Italy,Rome
http://www.wikidata.org/entity/Q83824,dsb,Denmark,Q83824,Danish railway company,Denmark,Copenhagen
http://www.wikidata.org/entity/Q86853,linden lab,United States,Q86853,American company,United States,San Francisco
http://www.wikidata.org/entity/Q87043,stowa,Germany,Q7620676,Polish association (from 1989),Poland,Leszczyński Residence
http://www.wikidata.org/entity/Q93825,liberty house,United States,Q93825,former American department and specialty store chain,United States,Honolulu
http://www.wikidata.org/entity/Q93894,asrock,Taiwan,Q93894,Taiwanese electronics manufacturer,Taiwan,Taipei
http://www.wikidata.org/entity/Q94582,eckes ag,Germany,Q94582,company,Germany,Nieder-Olm
http://www.wikidata.org/entity/Q94675,karlsberg bulgaria ad,Bulgaria,Q94675,company,Bulgaria,Sofia
http://www.wikidata.org/entity/Q94680,stan lee media,United States,Q94680,company,United States,Beverly Hills
http://www.wikidata.org/entity/Q94743,delta lloyd group,Netherlands,Q94743,company,Netherlands,Amsterdam
http://www.wikidata.org/entity/Q94849,novonor,Brazil,Q94849,Brazilian company involved in a corruption scandal in Latin America,Brazil,Salvador
http://www.wikidata.org/entity/Q99633,berliner verkehrsbetriebe,Germany,Q99633,public transport agency in Berlin,Germany,Trias
http://www.wikidata.org/entity/Q102463,middle-earth enterprises,United States,Q102463,company which owns certain rights to elements of The Lord of the Rings and The Hobbit by J. R. R. Tolkien,United States,Berkeley
http://www.wikidata.org/entity/Q102673,gazprom,Russia,Q102673,Russian oil and gas company,Russia,Saint Petersburg
http://www.wikidata.org/entity/Q105584,rotten tomatoes,United States,Q105584,American review aggregator for film and television,United States,San Francisco
http://www.wikidata.org/entity/Q106170,riggs bank,United States,Q106170,former Washington D.C.-based commercial bank,United States,"Washington, D.C."
http://www.wikidata.org/entity/Q112244,trados,Germany,Q112244,German multinational company,Germany,Stuttgart
http://www.wikidata.org/entity/Q112404,brookville equipment,United States,Q112404,locomotive company,United States,Brookville
http://www.wikidata.org/entity/Q112958,královopolská,Czech Republic,Q112958,company in the Czech Republic,Czech Republic,Brno
http://www.wikidata.org/entity/Q113102,rudolf chemie,Germany,Q113102,German company that manufactures textile auxiliaries and specialty chemicals,Germany,Geretsried
http://www.wikidata.org/entity/Q113215,carlsberg group,Denmark,Q113215,Danish brewery group,Denmark,Copenhagen
http://www.wikidata.org/entity/Q113269,nn investment partners,Netherlands,Q113269,Dutch Asset Management Firm,Netherlands,The Hague
http://www.wikidata.org/entity/Q113675,home market,Germany,Q113675,Retail Group for Home Textiles and Interior Design,Germany,Aachen
http://www.wikidata.org/entity/Q114040,daublaine-callinet,France,Q114040,French organbuilder of 19th century,France,Paris
http://www.wikidata.org/entity/Q114794,radiotelevisione svizzera di lingua italiana,Switzerland,Q114794,"radio and TV station in Lugano, Switzerland",Switzerland,Lugano
http://www.wikidata.org/entity/Q114913,dickies,United States,Q114913,company that manufactures and sells work-related clothing and other accessories,United States,Fort Worth
http://www.wikidata.org/entity/Q114990,telecom namibia,Namibia,Q114990,Namibian telecommunication company,Namibia,Windhoek
http://www.wikidata.org/entity/Q116331,reliance infrastructure,India,Q116331,"engineering, construction conglomerate based in India",India,Mumbai
http://www.wikidata.org/entity/Q117059,associated british foods,United Kingdom,Q117059,British food processing and retailing company,United Kingdom,London
http://www.wikidata.org/entity/Q117286,"china ocean shipping co., ltd.",People's Republic of China,Q117286,Chinese shipping and logistics services supplier,People's Republic of China,Shanghai
http://www.wikidata.org/entity/Q117507,atomic skis,Austria,Q117507,Austrian company,Austria,Altenmarkt im Pongau
http://www.wikidata.org/entity/Q117673,namwater,Namibia,Q117673,Namibian state-owned enterprise,Namibia,Windhoek
http://www.wikidata.org/entity/Q118046,carphone warehouse,United Kingdom,Q118046,British mobile phone retailer,United Kingdom,London
http://www.wikidata.org/entity/Q118224,viverso,Germany,Q118224,producer of coatings raw material,Germany,Bitterfeld-Wolfen
http://www.wikidata.org/entity/Q118581,banco comercial português,Portugal,Q118581,Portuguese bank,Portugal,Porto
http://www.wikidata.org/entity/Q118663,baldwin piano company,United States,Q118663,American company,United States,Trumann
http://www.wikidata.org/entity/Q118911,konica minolta,Japan,Q118911,Japanese technology company,Japan,Chiyoda
http://www.wikidata.org/entity/Q119267,tiger electronics,United States,Q119267,American toy manufacturer,United States,Vernon Hills
http://www.wikidata.org/entity/Q119469,clénet coachworks,United States,Q119469,car model,United States,Santa Barbara
http://www.wikidata.org/entity/Q119810,tgw logistics group,Austria,Q119810,company,Austria,Wels
http://www.wikidata.org/entity/Q119991,apa corporation,United States,Q119991,"Holding company for Apache Corporation, an American company engaged in hydrocarbon exploration.",United States,Houston
http://www.wikidata.org/entity/Q120233,new york mercantile exchange,United States,Q120233,"commodity and futures exchange located in New York City, New York, United States",United States,New York City
http://www.wikidata.org/entity/Q120294,finix comics,Germany,Q120294,registered association dedicated to the cultural heritage of graphic literature (comics),Germany,Wiesbaden
http://www.wikidata.org/entity/Q120711,agrosuper,Chile,Q120711,Chilean food company,Chile,Rancagua
http://www.wikidata.org/entity/Q122141,vodafone,United Kingdom,Q122141,British multinational telecommunications company,United Kingdom,London
http://www.wikidata.org/entity/Q122549,shochiku,Japan,Q122549,Japanese movie studio and production company for kabuki,Japan,Tsukiji
http://www.wikidata.org/entity/Q122741,q122741,Japan,Q122741,Japanese video game developer and publisher and subsidiary of Sega Sammy Holdings,Japan,Shinagawa
http://www.wikidata.org/entity/Q123406,vínbúð,Iceland,Q123406,company,Iceland,Reykjavík
http://www.wikidata.org/entity/Q124976,coal india,India,Q124976,Indian state-owned company,India,Kolkata
http://www.wikidata.org/entity/Q125074,anheuser-busch,United States,Q128738,Belgian-Brazilian multinational beverage and brewing company,Belgium,Brussels
http://www.wikidata.org/entity/Q125943,long island rail road,United States,Q125943,"commuter rail service in Long Island, New York",United States,Jamaica
http://www.wikidata.org/entity/Q126559,credicorp,Peru,Q126559,company,Peru,Lima
http://www.wikidata.org/entity/Q126827,arsedition,Germany,Q126827,company,Germany,Munich
http://www.wikidata.org/entity/Q126848,körting hannover,Germany,Q126848,company,Germany,Hanover
http://www.wikidata.org/entity/Q126944,voith group,Germany,Q126944,company,Germany,Heidenheim an der Brenz
http://www.wikidata.org/entity/Q127074,albemarle corporation,United States,Q127074,American specialty chemicals manufacturing company,United States,Baton Rouge
http://www.wikidata.org/entity/Q127120,fitness first,United Kingdom,Q127120,British multinational fitness center chain,United Kingdom,Bournemouth
http://www.wikidata.org/entity/Q127193,mynewsdesk,Sweden,Q127193,company,Sweden,Stockholm
http://www.wikidata.org/entity/Q127305,paulaner brewery,Germany,Q127305,German Brewery,Germany,Au
http://www.wikidata.org/entity/Q127552,pixar,United States,Q127552,American computer animation studio,United States,Emeryville
http://www.wikidata.org/entity/Q127962,levi strauss & co.,United States,Q127962,privately held American clothing company,United States,San Francisco
http://www.wikidata.org/entity/Q128738,anheuser-busch inbev,Belgium,Q128738,Belgian-Brazilian multinational beverage and brewing company,Belgium,Brussels
http://www.wikidata.org/entity/Q128896,amd,United States,Q128896,American multinational semiconductor company,United States,Santa Clara
http://www.wikidata.org/entity/Q128929,mtu aero engines,Germany,Q128929,company,Germany,Munich
http://www.wikidata.org/entity/Q128943,bentse brug,Norway,Q128943,former industrial installation in Norway,Norway,Oslo Municipality
http://www.wikidata.org/entity/Q129391,scandic hotels group,Sweden,Q129391,Swedish hotel chain,Sweden,Stockholm
http://www.wikidata.org/entity/Q130171,world championship wrestling,United States,Q130171,American professional wrestling company,United States,Atlanta
http://www.wikidata.org/entity/Q130309,norwegian cruise line,United States,Q130309,American company operating cruise ships,United States,Miami-Dade County
http://www.wikidata.org/entity/Q130420,kuibyshevazot,Russia,Q130420,public company,Russia,Tolyatti
http://www.wikidata.org/entity/Q130879,reuters,United Kingdom,Q130879,international news agency,United Kingdom,London
http://www.wikidata.org/entity/Q130889,longyuan power,People's Republic of China,Q130889,company,People's Republic of China,Beijing
http://www.wikidata.org/entity/Q131728,total nonstop action wrestling,United States,Q131728,American professional wrestling promotion,United States,Nashville
http://www.wikidata.org/entity/Q131835,schecter guitar research,United States,Q131835,"US guitar, bass and amplifier manufacturer",United States,Los Angeles
http://www.wikidata.org/entity/Q131885,scripps-booth,United States,Q131885,American automobile company,United States,Detroit
http://www.wikidata.org/entity/Q132168,htm personenvervoer,Netherlands,Q132168,public transportation company in the Netherlands,Netherlands,The Hague
http://www.wikidata.org/entity/Q132358,epoch co.,Japan,Q132358,Japanese toy and computer games company founded in 1958,Japan,Taitō-ku
http://www.wikidata.org/entity/Q132383,cd-adapco,United States,Q132383,company,United States,United States
http://www.wikidata.org/entity/Q135325,alcoa,United States,Q135325,producer of aluminum,United States,New York City
http://www.wikidata.org/entity/Q157062,unilever,United Kingdom,Q157062,British multinational consumer goods company,United Kingdom,London
http://www.wikidata.org/entity/Q157062,unilever,Kingdom of the Netherlands,Q157062,British multinational consumer goods company,United Kingdom,London
http://www.wikidata.org/entity/Q157645,deutsche post ag,Germany,Q157645,German logistics company,Germany,Post Tower
http://www.wikidata.org/entity/Q157675,vattenfall,Sweden,Q157675,Swedish power company,Sweden,Stockholm
http://www.wikidata.org/entity/Q157852,deutsche börse,Germany,Q157852,financial services company of Germany,Germany,Frankfurt
http://www.wikidata.org/entity/Q158276,aeg,Germany,Q2832284,game publisher,United States,Ontario
http://www.wikidata.org/entity/Q159433,3m,United States,Q159433,American multinational corporation,United States,Maplewood
http://www.wikidata.org/entity/Q159614,seiko epson,Japan,Q159614,Japanese electronics company,Japan,Suwa
http://www.wikidata.org/entity/Q159766,dutch east india company,Dutch Republic,Q159766,1602–1799 Dutch trading company,Dutch Republic,Oost-Indisch Huis
http://www.wikidata.org/entity/Q160054,axa,France,Q160054,French multinational insurance firm,France,Paris
http://www.wikidata.org/entity/Q160120,huawei,People's Republic of China,Q160120,Chinese multinational technology company,People's Republic of China,Shenzhen
http://www.wikidata.org/entity/Q160126,the royal bank of scotland,United Kingdom,Q160126,Britain retail banking institution,United Kingdom,Edinburgh
http://www.wikidata.org/entity/Q160229,telefónica,Spain,Q160229,"telecommunications company based in Madrid, Spain",Spain,Telefónica Building
http://www.wikidata.org/entity/Q161140,diageo,United Kingdom,Q161140,multinational alcoholic beverages company,United Kingdom,London
http://www.wikidata.org/entity/Q161833,leica camera,Germany,Q161833,German optics company,Germany,Wetzlar
http://www.wikidata.org/entity/Q161906,"oakley, inc.",United States,Q161906,eyewear company owned by Luxottica,United States,Foothill Ranch
http://www.wikidata.org/entity/Q162189,lufthansa cityline,Germany,Q162189,German regional airline,Germany,Munich Airport
http://www.wikidata.org/entity/Q162257,komatsu limited,Japan,Q162257,Japanese industrial machinery company,Japan,Tokyo
http://www.wikidata.org/entity/Q162345,lg electronics,South Korea,Q162345,South Korean multinational electronics company,South Korea,Seoul
http://www.wikidata.org/entity/Q162472,fk příbram,Czech Republic,Q162472,Czech association football club from Příbram,Czech Republic,Příbram
http://www.wikidata.org/entity/Q162810,gerstlauer,Germany,Q162810,German manufacturer of amusement rides,Germany,Münsterhausen
http://www.wikidata.org/entity/Q162852,surveymonkey,Canada,Q162852,"Global online survey, forms and feedback SaaS platform used by businesses, researchers (and students) and individuals",Canada,San Mateo
http://www.wikidata.org/entity/Q162852,surveymonkey,Ireland,Q162852,"Global online survey, forms and feedback SaaS platform used by businesses, researchers (and students) and individuals",Canada,San Mateo
http://www.wikidata.org/entity/Q162852,surveymonkey,United States,Q162852,"Global online survey, forms and feedback SaaS platform used by businesses, researchers (and students) and individuals",Canada,San Mateo
http://www.wikidata.org/entity/Q162852,surveymonkey,Italy,Q162852,"Global online survey, forms and feedback SaaS platform used by businesses, researchers (and students) and individuals",Canada,San Mateo
http://www.wikidata.org/entity/Q162852,surveymonkey,Austria,Q162852,"Global online survey, forms and feedback SaaS platform used by businesses, researchers (and students) and individuals",Canada,San Mateo
http://www.wikidata.org/entity/Q162852,surveymonkey,Netherlands,Q162852,"Global online survey, forms and feedback SaaS platform used by businesses, researchers (and students) and individuals",Canada,San Mateo
http://www.wikidata.org/entity/Q162852,surveymonkey,United Kingdom,Q162852,"Global online survey, forms and feedback SaaS platform used by businesses, researchers (and students) and individuals",Canada,San Mateo
http://www.wikidata.org/entity/Q162852,surveymonkey,Germany,Q162852,"Global online survey, forms and feedback SaaS platform used by businesses, researchers (and students) and individuals",Canada,San Mateo
http://www.wikidata.org/entity/Q162852,surveymonkey,Australia,Q162852,"Global online survey, forms and feedback SaaS platform used by businesses, researchers (and students) and individuals",Canada,San Mateo
http://www.wikidata.org/entity/Q162852,surveymonkey,India,Q162852,"Global online survey, forms and feedback SaaS platform used by businesses, researchers (and students) and individuals",Canada,San Mateo
http://www.wikidata.org/entity/Q162852,surveymonkey,Costa Rica,Q162852,"Global online survey, forms and feedback SaaS platform used by businesses, researchers (and students) and individuals",Canada,San Mateo
http://www.wikidata.org/entity/Q163321,orascom construction limited,Egypt,Q163321,"construction company based in Cairo, Egypt",Egypt,Cairo
http://www.wikidata.org/entity/Q163327,mondragon corporation,Spain,Q163327,Spanish cooperative federation,Spain,Arrasate/Mondragón
http://www.wikidata.org/entity/Q163566,kuka,Germany,Q163566,German company,Germany,Augsburg
http://www.wikidata.org/entity/Q163810,ab volvo,Sweden,Q163810,Swedish manufacturing company,Sweden,Gothenburg
http://www.wikidata.org/entity/Q164152,fujitsu technology solutions,Germany,Q164152,Japanese company in German,Germany,Netherlands
http://www.wikidata.org/entity/Q164484,hornby hobbies limited,United Kingdom,Q164484,British model railway manufacturer,United Kingdom,Margate
http://www.wikidata.org/entity/Q164604,maxdata,Germany,Q164604,German information companies,Germany,Marl
http://www.wikidata.org/entity/Q164740,fujifilm holdings corporation,Japan,Q164740,Japanese conglomerate started as photographic film manufacturer,Japan,Tokyo
http://www.wikidata.org/entity/Q164914,"lietuvos geležinkeliai, ab",Lithuania,Q164914,public company based in Lithuania,Lithuania,Vilnius
http://www.wikidata.org/entity/Q165485,ibx group,Sweden,Q165485,company,Sweden,Stockholm
http://www.wikidata.org/entity/Q165684,rogers communications,Canada,Q165684,Canadian telecommunications company,Canada,Toronto
http://www.wikidata.org/entity/Q165690,jura elektroapparate,Switzerland,Q165690,Swiss company for development and distribution of household and electrical appliances,Switzerland,Niederbuchsiten
http://www.wikidata.org/entity/Q165858,telus communications,Canada,Q165858,Canadian telecommunications company,Canada,Vancouver
http://www.wikidata.org/entity/Q167221,sennheiser,Germany,Q167221,audio electronics manufacturer from Germany,Germany,Wedemark
http://www.wikidata.org/entity/Q167923,rowan software,United Kingdom,Q167923,British software company,United Kingdom,Runcorn
http://www.wikidata.org/entity/Q168115,toray industries,Japan,Q168115,company,Japan,Nihonbashi Mitsui Tower
http://www.wikidata.org/entity/Q168238,omv,Austria,Q168238,Austrian petrochemical company,Austria,Vienna
http://www.wikidata.org/entity/Q168311,gaz de france,France,Q168311,French enterprise,France,Paris
http://www.wikidata.org/entity/Q168467,yodobashi camera,Japan,Q168467,Japanese retail chain,Japan,Shinjuku
http://www.wikidata.org/entity/Q168833,poczta polska,Poland,Q168833,Polish state-owned courier and postal services company,Poland,Warsaw
http://www.wikidata.org/entity/Q168844,narodowy bank polski,Poland,Q168844,central bank of Poland,Poland,Warsaw
http://www.wikidata.org/entity/Q169167,metro group,Germany,Q169167,German wholesale company,Germany,Düsseldorf
http://www.wikidata.org/entity/Q169339,glencore,Switzerland,Q169339,"metals and minerals, and energy products company",Switzerland,Baar
http://www.wikidata.org/entity/Q169474,zebralution,Germany,Q169474,company,Germany,Duisburg
http://www.wikidata.org/entity/Q169552,haribo,Germany,Q169552,confectionery company,Germany,Grafschaft
http://www.wikidata.org/entity/Q169588,zech group,Germany,Q169588,Internationally operating group of companies with headquarters in Bremen,Germany,Bremen
http://www.wikidata.org/entity/Q169925,mozilla corporation,United States,Q169925,American software company,United States,San Francisco
http://www.wikidata.org/entity/Q170416,koninklijke philips nv,Netherlands,Q170416,Dutch multinational conglomerate corporation,Netherlands,Amsterdam
http://www.wikidata.org/entity/Q172108,oodji,Russia,Q172108,Russian textile company,Russia,Saint Petersburg
http://www.wikidata.org/entity/Q172207,ubisoft japan,Japan,Q172207,company,Japan,Tokyo
http://www.wikidata.org/entity/Q172227,playlife,Italy,Q172227,Italian sportswear brand,Italy,Treviso
http://www.wikidata.org/entity/Q172721,mercedes f1 team,United Kingdom,Q172721,auto racing team,United Kingdom,Brackley
http://www.wikidata.org/entity/Q287177,abc records,United States,Q287177,"US record label; imprint of ABC Records, Inc.",United States,New York City
http://www.wikidata.org/entity/Q287289,abg frankfurt holding,Germany,Q287289,business,Germany,Frankfurt
http://www.wikidata.org/entity/Q287289,abg frankfurt holding,German Reich,Q287289,business,Germany,Frankfurt
http://www.wikidata.org/entity/Q287496,abp induction systems,Germany,Q287496,company,Germany,Dortmund
http://www.wikidata.org/entity/Q287537,casavant frères,Canada,Q287537,Canadian company,Canada,Saint-Hyacinthe
http://www.wikidata.org/entity/Q287627,bauersche gießerei,Germany,Q287627,German type foundry,Germany,Frankfurt
http://www.wikidata.org/entity/Q287704,"achema, ab",Lithuania,Q287704,public company based in Lithuania,Lithuania,Jonava
http://www.wikidata.org/entity/Q287744,"datang international power generation co., ltd.",People's Republic of China,Q287744,company,People's Republic of China,Beijing
http://www.wikidata.org/entity/Q287757,ab flygindustri,Sweden,Q287757,"1925-1935 aircraft manufacturer in Limhamn, Sweden",Sweden,Malmö
http://www.wikidata.org/entity/Q287797,ab motorfabriken i göteborg,Sweden,Q287797,company,Sweden,Gothenburg
http://www.wikidata.org/entity/Q288129,acco brands,United States,Q288129,company,United States,Lake Zurich
http://www.wikidata.org/entity/Q288158,acd gruppe,Germany,Q288158,German company in the electronics industry,Germany,Achstetten
http://www.wikidata.org/entity/Q288185,acd systems,Canada,Q288185,company,Canada,Victoria
http://www.wikidata.org/entity/Q288253,ace aviation holdings,Canada,Q288253,Canadian holding company,Canada,Montreal
http://www.wikidata.org/entity/Q288285,ace limited,Switzerland,Q288285,provider of insurance products,Switzerland,Zurich
http://www.wikidata.org/entity/Q288505,q288505,Lithuania,Q288505,computer hardware company,Lithuania,Kaunas
http://www.wikidata.org/entity/Q288603,niq,United States,Q288603,marketing research firm,United States,Chicago
http://www.wikidata.org/entity/Q288636,aco group,Germany,Q288636,"company in Büdelsdorf, Germany",Germany,Büdelsdorf
http://www.wikidata.org/entity/Q288642,q288642,Austria,Q288642,business,Austria,Vienna
http://www.wikidata.org/entity/Q288727,sapporo breweries,Japan,Q288727,Japanese beer brewing company,Japan,Yebisu Garden Place
http://www.wikidata.org/entity/Q288837,orion electric,Japan,Q288837,Japanese consumer electronics company,Japan,Echizen
http://www.wikidata.org/entity/Q289120,gilbert rugby,United Kingdom,Q289120,Sports equipment company,United Kingdom,Rugby
http://www.wikidata.org/entity/Q289314,frog design,United States,Q289314,global creative consultancy,United States,San Francisco
http://www.wikidata.org/entity/Q289362,cerberus capital management,United States,Q289362,U.S. investment management company,United States,New York City
http://www.wikidata.org/entity/Q289410,eclipse aviation,United States,Q289410,1998-2009 aircraft manufacturer in the United States,United States,Albuquerque
http://www.wikidata.org/entity/Q289686,dujotekana,Lithuania,Q289686,company,Lithuania,Vilnius
http://www.wikidata.org/entity/Q289704,old mutual,South Africa,Q289704,"pan-African investment, savings, insurance, and banking group",South Africa,London
http://www.wikidata.org/entity/Q289728,luhanskteplovoz,Ukraine,Q289728,company,Ukraine,Luhansk
http://www.wikidata.org/entity/Q290159,adc telecommunications,United States,Q290159,defunct American communications company,United States,Eden Prairie
http://www.wikidata.org/entity/Q290211,adeg österreich,Austria,Q290211,Austrian trading company,Austria,Wiener Neudorf
http://www.wikidata.org/entity/Q290427,schokinag-schokolade-industrie,Germany,Q290427,German chocolate manufacturer,Germany,Mannheim
http://www.wikidata.org/entity/Q290661,royal boskalis,Netherlands,Q290661,Dutch dredging and heavylift company,Netherlands,Papendrecht
http://www.wikidata.org/entity/Q290680,adt inc.,United States,Q290680,American security systems firm,United States,Boca Raton
http://www.wikidata.org/entity/Q290718,adva optical networking se,Germany,Q290718,German telecommunications company,Germany,Martinsried
http://www.wikidata.org/entity/Q291090,china southern airlines,People's Republic of China,Q291090,"major airline in China, headquartered in Guangzhou, Guangdong",People's Republic of China,Guangzhou
http://www.wikidata.org/entity/Q291171,aegon,Netherlands,Q291171,"multinational life insurance, pensions and asset management company",Netherlands,The Hague
http://www.wikidata.org/entity/Q291312,ralink,Taiwan,Q291312,Taiwanese semiconductor company,Taiwan,Hsinchu City
http://www.wikidata.org/entity/Q291508,aes corporation,United States,Q291508,American utility and power company,United States,Arlington County
http://www.wikidata.org/entity/Q292292,agco,United States,Q292292,American agricultural machinery manufacturer,United States,Duluth
http://www.wikidata.org/entity/Q292374,agl energy,Australia,Q292374,Australian energy utilities company,Australia,Sydney
http://www.wikidata.org/entity/Q292622,ago flugzeugwerke,German Reich,Q292622,German aircraft manufacturer,German Reich,Munich
http://www.wikidata.org/entity/Q292636,agru kunststofftechnik,Austria,Q292636,Austrian company making products from plastics,Austria,Bad Hall
http://www.wikidata.org/entity/Q292722,ruhr-lippe-eisenbahnen,Germany,Q292722,transport company,Germany,Soest
http://www.wikidata.org/entity/Q292722,ruhr-lippe-eisenbahnen,German Reich,Q292722,transport company,Germany,Soest
http://www.wikidata.org/entity/Q292750,ag für verkehrswesen,German Reich,Q292750,transport company,German Reich,Berlin
http://www.wikidata.org/entity/Q292773,industria aeronautică română,Romania,Q292773,aircraft manufacturer in Romania,Romania,Ghimbav
http://www.wikidata.org/entity/Q292807,ahg allgemeine hospitalgesellschaft,Germany,Q292807,"former German health care provider, bought by Median Kliniken",Germany,Düsseldorf
http://www.wikidata.org/entity/Q293414,aht cooling systems,Austria,Q293414,company,Austria,Rottenmann
http://www.wikidata.org/entity/Q293416,ahwi maschinenbau,Germany,Q293416,Mechanical engineering company based in Herdwangen,Germany,Herdwangen
http://www.wikidata.org/entity/Q293469,aida cruises,Germany,Q293469,"German branch of Costa Cruises, in turn a part of Carnival Corporation & plc",Germany,Rostock
http://www.wikidata.org/entity/Q293615,öaf,Austria,Q293615,company,Austria,Vienna
http://www.wikidata.org/entity/Q293650,aikbank,Serbia,Q293650,Serbian banking and financial services company,Serbia,Belgrade
http://www.wikidata.org/entity/Q293796,aimco,United States,Q293796,company,United States,Denver
http://www.wikidata.org/entity/Q293856,östu-stettin,Austria,Q293856,Austrian construction company,Austria,Leoben
http://www.wikidata.org/entity/Q293862,aiptek inc.,Taiwan,Q293862,company,Taiwan,Hsinchu City
http://www.wikidata.org/entity/Q294110,aka ausfuhrkredit,Germany,Q294110,business,Germany,Frankfurt
http://www.wikidata.org/entity/Q294205,akg acoustics,Austria,Q294205,acoustics engineering and manufacturing company,Austria,Vienna
http://www.wikidata.org/entity/Q294335,al-ko,Germany,Q294335,German multinational holding company,Germany,Kötz
http://www.wikidata.org/entity/Q294355,albtelecom,Albania,Q294355,Albania's state telecom company,Albania,Tirana
http://www.wikidata.org/entity/Q294508,alrosa,Russia,Q294508,Russian group of diamond mining companies,Russia,Mirny
http://www.wikidata.org/entity/Q294721,amc theatres,United States,Q294721,US-based movie theater chain in the US and Europe,United States,Kansas City
http://www.wikidata.org/entity/Q295118,amec foster wheeler,United Kingdom,Q295118,British engineering company,United Kingdom,London
http://www.wikidata.org/entity/Q295135,amf-bruns,Germany,Q295135,company,Germany,Apen
http://www.wikidata.org/entity/Q295191,amk gmbh,Germany,Q295191,German company,Germany,Kirchheim unter Teck
http://www.wikidata.org/entity/Q295261,amp limited,Australia,Q295261,financial services company located in Australia and New Zealand,Australia,Sydney
http://www.wikidata.org/entity/Q295280,amr corporation,United States,Q32396,major airline of the United States,United States,Fort Worth
http://www.wikidata.org/entity/Q295671,anek lines,Greece,Q295671,Greek company,Greece,Chania
http://www.wikidata.org/entity/Q295774,q295774,United States,Q295774,American engineering simulation software developer,United States,Canonsburg
http://www.wikidata.org/entity/Q295862,anz bank new zealand,New Zealand,Q295862,New Zealand banking and financial services company,New Zealand,Wellington
http://www.wikidata.org/entity/Q295990,aol-verlag,Germany,Q295990,publisher / education,Germany,Hamburg
http://www.wikidata.org/entity/Q296053,aopen,Taiwan,Q296053,company,Taiwan,Taipei
http://www.wikidata.org/entity/Q296361,aqua-institut,Germany,Q296361,Institute for Applied Quality Improvement and Research in Health Care,Germany,Göttingen
http://www.wikidata.org/entity/Q296498,arc resources,Canada,Q296498,company,Canada,Calgary
http://www.wikidata.org/entity/Q296573,ardex,Germany,Q296573,German company,Germany,Witten
http://www.wikidata.org/entity/Q296625,argo spa,Italy,Q296625,Italian holding company,Italy,Fabbrico
http://www.wikidata.org/entity/Q296643,association of radio industries and businesses,Japan,Q296643,standards organization in Japan,Japan,Chiyoda
http://www.wikidata.org/entity/Q296782,arm holdings,United Kingdom,Q296782,British multinational semiconductor and software design company,United Kingdom,Cambridge
http://www.wikidata.org/entity/Q296878,"arp instruments, inc.",United States,Q296878,manufacturer of electronic musical instruments,United States,United States
http://www.wikidata.org/entity/Q296902,ars altmann,Germany,Q296902,trademark,Germany,Wolnzach
http://www.wikidata.org/entity/Q297214,asb bank,New Zealand,Q297214,bank operating in New Zealand,New Zealand,Auckland
http://www.wikidata.org/entity/Q297303,ascii corporation,Japan,Q297303,"publishing company based in Tokyo, Japan",Japan,Chiyoda
http://www.wikidata.org/entity/Q297315,ascii media works,Japan,Q297315,Japanese publishing company,Japan,Shinjuku
http://www.wikidata.org/entity/Q297600,aselsan,Turkey,Q297600,Turkish defense corporation,Turkey,Ankara
http://www.wikidata.org/entity/Q297650,asfinag,Austria,Q297650,public corporation responsible for constructing and managing motorways in Austria,Austria,Vienna
http://www.wikidata.org/entity/Q297879,asml holding,Netherlands,Q297879,Dutch company and supplier of photolithography systems,Netherlands,Veldhoven
http://www.wikidata.org/entity/Q298011,ass altenburger,Germany,Q298011,German gaming industry trademark,Germany,Altenburg
http://www.wikidata.org/entity/Q298400,privatbank,Latvia,Q1515015,the largest commercial bank in Ukraine,Ukraine,Dnipro
http://www.wikidata.org/entity/Q298762,atb financial,Canada,Q298762,Canadian financial institution,Canada,Edmonton
http://www.wikidata.org/entity/Q298821,österreichisch-alpine montangesellschaft,Austria,Q298821,Austrian steel factory,Austria,Donawitz
http://www.wikidata.org/entity/Q298824,österreichisch-bayerische kraftwerke,Austria,Q298824,business,Austria,Simbach am Inn
http://www.wikidata.org/entity/Q298848,atebank,Greece,Q298848,Greek bank,Greece,Athens
http://www.wikidata.org/entity/Q299106,atp esercizio,Italy,Q299106,company,Italy,Carasco
http://www.wikidata.org/entity/Q300120,auo corporation,Taiwan,Q300120,company,Taiwan,Hsinchu City
http://www.wikidata.org/entity/Q300137,avebe,Netherlands,Q300137,potato starch producer,Netherlands,Veendam
http://www.wikidata.org/entity/Q300147,avia international,Switzerland,Q300147,Swiss oil company,Switzerland,Zurich
http://www.wikidata.org/entity/Q300157,avl,Austria,Q300157,engineering company,Austria,Graz
http://www.wikidata.org/entity/Q300164,fritz!,Germany,Q300164,German consumer electronics company,Germany,Berlin
http://www.wikidata.org/entity/Q300171,avp automobilgruppe,Germany,Q300171,car trading company in Germany,Germany,Deggendorf
http://www.wikidata.org/entity/Q300213,swiss life select deutschland,Germany,Q300213,German financial advisory company,Germany,Hanover
http://www.wikidata.org/entity/Q300220,awg-modecenter,Germany,Q300220,German clothing retail chain,Germany,Köngen
http://www.wikidata.org/entity/Q300222,awg (fittings),Germany,Q300222,manufacturer of fire fighting equipment,Germany,Ballendorf
http://www.wikidata.org/entity/Q300324,a bathing ape,Japan,Q300324,Japanese fashion brand,Japan,Tokyo
http://www.wikidata.org/entity/Q300444,"a k peters, ltd.",United States,Q300444,publisher of scientific and technical books,United States,Natick
http://www.wikidata.org/entity/Q300516,tente international,Germany,Q300516,company,Germany,Cologne
http://www.wikidata.org/entity/Q300755,aachener strassenbahn- und energieversorgungs,Germany,Q300755,transport company,Germany,Aachen
http://www.wikidata.org/entity/Q300784,aaeon,Taiwan,Q300784,company,Taiwan,Taipei
http://www.wikidata.org/entity/Q301141,aareal bank,Germany,Q301141,company,Germany,Wiesbaden
http://www.wikidata.org/entity/Q301301,nespresso,Switzerland,Q301301,coffee brand owned by Nestlé S.A.,Switzerland,Lausanne
http://www.wikidata.org/entity/Q301408,"österreichische brown, boveri werke",Austria,Q301408,company,Austria,Vienna
http://www.wikidata.org/entity/Q301543,österreichische donaukraftwerke,Austria,Q301543,business,Austria,Vienna
http://www.wikidata.org/entity/Q301551,österreichische draukraftwerke,Austria,Q301551,business,Austria,Klagenfurt am Wörthersee
http://www.wikidata.org/entity/Q301965,sprint corporation,United States,Q301965,former US American telecommunication company,United States,Overland Park
http://www.wikidata.org/entity/Q302226,sentinel waggon works,United Kingdom,Q302226,defunct British manufacturing company,United Kingdom,Shrewsbury
http://www.wikidata.org/entity/Q302850,steyr motors,Austria,Q302850,Diesel-engine manufacturer,Austria,Steyr
http://www.wikidata.org/entity/Q302924,bellevue investments,Germany,Q302924,company,Germany,Berlin
http://www.wikidata.org/entity/Q303135,fortune ferry,People's Republic of China,Q303135,Hong Kong ferry operator,People's Republic of China,Hong Kong
http://www.wikidata.org/entity/Q303404,österreichische beteiligungs ag,Austria,Q303404,company,Austria,Vienna
http://www.wikidata.org/entity/Q369496,mckesson europe ag,Germany,Q369496,international wholesale and retail company,Germany,Stuttgart
http://www.wikidata.org/entity/Q369524,ganz works,Hungary,Q369524,"electrical manufacturing works in Budapest, Hungary",Hungary,Budapest
http://www.wikidata.org/entity/Q369851,kommunalbanken,Norway,Q369851,company,Norway,Oslo
http://www.wikidata.org/entity/Q370223,s immo,Austria,Q370223,Austrian real-estate company,Austria,Vienna
http://www.wikidata.org/entity/Q370248,hsbc bank canada,Canada,Q370248,bank in Canada that is part of British banking giant HSBC,Canada,Vancouver
http://www.wikidata.org/entity/Q370719,sk hynix,South Korea,Q370719,South Korean memory semiconductor supplier,South Korea,Icheon
http://www.wikidata.org/entity/Q371032,aicas,Germany,Q371032,company,Germany,Karlsruhe
http://www.wikidata.org/entity/Q371068,jack daniel's,United States,Q371068,distiller of Tennessee whiskey,United States,Jack Daniel's Distillery
http://www.wikidata.org/entity/Q371267,tanjug,Serbia,Q371267,company,Serbia,Belgrade
http://www.wikidata.org/entity/Q371343,london river services,United Kingdom,Q371343,"licenser of river services, part of Transport for London",United Kingdom,London
http://www.wikidata.org/entity/Q371400,turner entertainment,United States,Q371400,American multimedia company,United States,United States
http://www.wikidata.org/entity/Q371901,royal unibrew,Denmark,Q371901,Danish brewery,Denmark,Faxe
http://www.wikidata.org/entity/Q371934,eczacıbaşı,Turkey,Q2610799,Turkish sports club (volleyball),Turkey,Istanbul
http://www.wikidata.org/entity/Q371989,franz brozincevic wetzikon,Switzerland,Q371989,company,Switzerland,Wetzikon
http://www.wikidata.org/entity/Q372435,dentsu international,United Kingdom,Q372435,advertising agency group,United Kingdom,London
http://www.wikidata.org/entity/Q372445,nobina,Sweden,Q372445,"bus company in Denmark, Finland, Norway and Sweden",Sweden,Stockholm
http://www.wikidata.org/entity/Q372587,eswe verkehrsgesellschaft,Germany,Q372587,"company in Hesse, Germany",Germany,Wiesbaden
http://www.wikidata.org/entity/Q372657,credit suisse,Switzerland,Q372657,Swiss multinational banking institution,Switzerland,Zurich
http://www.wikidata.org/entity/Q372891,rws group,United Kingdom,Q372891,British multinational company,United Kingdom,Maidenhead
http://www.wikidata.org/entity/Q373038,goody's,Greece,Q373038,Fast Food chain in Greece,Greece,"Athens International Airport ""Eleftherios Venizelos"""
http://www.wikidata.org/entity/Q373087,"american society of composers, authors and publishers",United States,Q373087,non-profit performance-rights organization,United States,United States
http://www.wikidata.org/entity/Q373291,baotou steel,People's Republic of China,Q373291,company,People's Republic of China,Baotou
http://www.wikidata.org/entity/Q373724,la poste,France,Q373724,postal service company in France,France,Paris
http://www.wikidata.org/entity/Q373740,black box corporation,United States,Q373740,company,United States,Lawrence
http://www.wikidata.org/entity/Q373798,funai,Japan,Q731206,Brazilian agency for Indigenous interests and culture,Brazil,Brasília
http://www.wikidata.org/entity/Q374158,eastgate systems,United States,Q374158,publisher and software company,United States,Watertown
http://www.wikidata.org/entity/Q375675,pneumant,German Democratic Republic,Q375675,trademark,German Democratic Republic,Fürstenwalde
http://www.wikidata.org/entity/Q375791,standard oil,United States,Q319642,American multinational energy corporation,United States,San Ramon
http://www.wikidata.org/entity/Q376105,dsb bank,Netherlands,Q376105,company,Netherlands,Wognum
http://www.wikidata.org/entity/Q376193,silicon integrated systems,Taiwan,Q376193,company,Taiwan,Hsinchu City
http://www.wikidata.org/entity/Q376399,pr newswire,United States,Q376399,American distributor of press releases,United States,Manhattan
http://www.wikidata.org/entity/Q376692,sony mobile communications,Japan,Q376692,Japanese telecommunications company owned by Sony,Japan,Minato
http://www.wikidata.org/entity/Q377605,compagnie maritime belge,Belgium,Q377605,company,Belgium,Antwerp
http://www.wikidata.org/entity/Q377674,oderwerke,Poland,Q377674,company,Poland,Szczecin
http://www.wikidata.org/entity/Q377788,astarta holding,Ukraine,Q377788,company,Ukraine,Kyiv
http://www.wikidata.org/entity/Q377915,agip,Italy,Q377915,former petroleum Italian company,Italy,Rome
http://www.wikidata.org/entity/Q378215,seiko instruments,Japan,Q378215,"Japanese company, which develops and commercializes semiconductor, micromechatronics, and precision timepiece technology.",Japan,Chiba
http://www.wikidata.org/entity/Q378698,jaeger-lecoultre,Switzerland,Q378698,Swiss luxury watches and clocks manufactured since 1833,Switzerland,Le Sentier
http://www.wikidata.org/entity/Q378767,adtranz,Germany,Q378767,Brand name of a rail rolling stock manufacturer,Germany,Berlin
http://www.wikidata.org/entity/Q378944,modern times group,Sweden,Q378944,company,Sweden,Stockholm
http://www.wikidata.org/entity/Q379112,advance-rumely,United States,Q379112,American pioneering producer of agricultural machinery,United States,La Porte
http://www.wikidata.org/entity/Q379271,interfax,Russia,Q379271,Russian news agency,Russia,Moscow
http://www.wikidata.org/entity/Q379437,oceania cruises,United States,Q379437,cruise line,United States,Miami
http://www.wikidata.org/entity/Q379515,advanced digital broadcast,Switzerland,Q379515,company,Switzerland,Pregny-Chambésy
http://www.wikidata.org/entity/Q379592,advanced info service,Thailand,Q379592,Thai telecommunications company,Thailand,Bangkok
http://www.wikidata.org/entity/Q379760,pkp cargo international,Czech Republic,Q379760,company in the Czech Republic,Czech Republic,Ostrava
http://www.wikidata.org/entity/Q379801,advent international,United States,Q379801,American global private equity firm,United States,Boston
http://www.wikidata.org/entity/Q380022,grupo arcor,Argentina,Q380022,Argentine food company,Argentina,Arroyito
http://www.wikidata.org/entity/Q381078,aer arann,Ireland,Q381078,"regional airline based in Dublin, Ireland",Ireland,Dublin
http://www.wikidata.org/entity/Q381100,prague public transit company,Czech Republic,Q381100,"public transit operating company in Prague, Czechia",Czech Republic,Prague
http://www.wikidata.org/entity/Q381134,aerion,United States,Q381134,defunct American aircraft manufacturer,United States,Reno
http://www.wikidata.org/entity/Q381202,aero vodochody aerospace,Czech Republic,Q381202,company in the Czech Republic,Czech Republic,Odolena Voda
http://www.wikidata.org/entity/Q381284,aero contractors,United States,Q381286,Nigerian airline,Nigeria,Murtala Muhammed International Airport
http://www.wikidata.org/entity/Q381498,aerojet,United States,Q381498,former American rocket and missile propulsion manufacturer,United States,Rancho Cordova
http://www.wikidata.org/entity/Q381563,aeroméxico,Mexico,Q381563,Flag Carrier of Mexico,Mexico,Mexico City
http://www.wikidata.org/entity/Q381781,aerotec,Brazil,Q381781,company,Brazil,São José dos Campos
http://www.wikidata.org/entity/Q381806,aerzener maschinenfabrik,Germany,Q381806,"machine manufacturer from Aerzen, Germany",Germany,Aerzen
http://www.wikidata.org/entity/Q381955,atm,Italy,Q8701,Spanish professional football club in Madrid,Spain,Madrid
http://www.wikidata.org/entity/Q382742,thrustmaster,United States,Q382742,hardware manufacturer,United States,Hillsboro
http://www.wikidata.org/entity/Q383046,afghan wireless,Afghanistan,Q383046,telecommunication company in Afghanistan,Afghanistan,Kabul
http://www.wikidata.org/entity/Q383097,volvo cars gent,Belgium,Q383097,automobile manufacturing factory in Ghent,Belgium,Ghent
http://www.wikidata.org/entity/Q383300,afilias,Ireland,Q383300,company,Ireland,Dublin
http://www.wikidata.org/entity/Q383471,iraqi oil tankers company,Iraq,Q383471,company,Iraq,Basra
http://www.wikidata.org/entity/Q383589,american locomotive company,United States,Q383589,defunct locomotive manufacturer,United States,New York City
http://www.wikidata.org/entity/Q341973,acme filmworks,United States,Q341973,"cartoon and animation studio in Hollywood, founded in 1990 by Ron Diamond",United States,Hollywood
http://www.wikidata.org/entity/Q341975,acme markets,United States,Q341975,American supermarket chain and pharmacy,United States,Philadelphia
http://www.wikidata.org/entity/Q342143,đuro đaković,Croatia,Q342143,mechanical engineering company,Croatia,Slavonski Brod
http://www.wikidata.org/entity/Q342813,acronis,Switzerland,Q342813,Swiss technology company specializing in backup and disaster recovery software and services,Switzerland,Singapore
http://www.wikidata.org/entity/Q342813,acronis,Singapore,Q342813,Swiss technology company specializing in backup and disaster recovery software and services,Switzerland,Singapore
http://www.wikidata.org/entity/Q343204,actavis,Ireland,Q906187,Irish tax-registered pharmaceutical company,Ireland,Ireland
http://www.wikidata.org/entity/Q343217,actelion,Switzerland,Q343217,Swiss biopharmaceutical company,Switzerland,Allschwil
http://www.wikidata.org/entity/Q344142,active power,United States,Q344142,U.S. manufacturer,United States,Austin
http://www.wikidata.org/entity/Q344341,activision blizzard,United States,Q344341,American video game company,United States,Santa Monica
http://www.wikidata.org/entity/Q344839,acushnet company,United States,Q344839,American company that makes golf equipment and clothing,United States,New Bedford
http://www.wikidata.org/entity/Q344935,acxiom,United States,Q344935,data foundation for marketing company,United States,Conway
http://www.wikidata.org/entity/Q345410,"ad lib, inc.",Canada,Q345410,company,Canada,Canada
http://www.wikidata.org/entity/Q345760,ad pepper media,Germany,Q345760,international online marketing company,Germany,Amsterdam
http://www.wikidata.org/entity/Q345825,ada-ada-schuh,Germany,Q345825,buisiness,Germany,Frankfurt
http://www.wikidata.org/entity/Q345825,ada-ada-schuh,German Reich,Q345825,buisiness,Germany,Frankfurt
http://www.wikidata.org/entity/Q348607,adam aircraft industries,United States,Q348607,1998-2009 aircraft manufacturer in the United States,United States,Centennial
http://www.wikidata.org/entity/Q349566,hachette,France,Q349566,French publisher,France,Paris
http://www.wikidata.org/entity/Q352390,adaptec,United States,Q352390,software company,United States,Sunnyvale
http://www.wikidata.org/entity/Q352773,addthis,United States,Q352773,social bookmarking service,United States,Vienna
http://www.wikidata.org/entity/Q353494,the adecco group,Switzerland,Q353494,Swiss multinational human resource consulting company,Switzerland,Zurich
http://www.wikidata.org/entity/Q353496,"adecco staffing, germany",Germany,Q353496,Staffing & Recruiting Agency,Germany,Düsseldorf
http://www.wikidata.org/entity/Q354375,konica,Japan,Q45700,Japanese entertainment and video game company,Japan,Tokyo
http://www.wikidata.org/entity/Q354578,minolta,Japan,Q354578,"Japanese manufacturer of cameras, camera accessories, photocopiers, fax machines, and laser printers",Japan,Osaka
http://www.wikidata.org/entity/Q354737,foveon,United States,Q354737,the company that makes the Foveon X3 sensor,United States,Santa Clara
http://www.wikidata.org/entity/Q354764,sigma corporation,Japan,Q354764,Japanese photography equipment manufacturer,Japan,Kawasaki
http://www.wikidata.org/entity/Q355022,imgur,United States,Q355022,American online image sharing and image hosting service,United States,San Francisco
http://www.wikidata.org/entity/Q356558,schweizer radio drs,Switzerland,Q356558,Swiss media company,Switzerland,Bern
http://www.wikidata.org/entity/Q356574,skyguide,Switzerland,Q356574,Swiss air navigation service provider,Switzerland,Meyrin
http://www.wikidata.org/entity/Q357095,hindustan aeronautics limited,India,Q357095,Indian public sector aerospace manufacturer,India,Bengaluru
http://www.wikidata.org/entity/Q357600,aditya birla group,India,Q357600,Indian multinational conglomerate company,India,Mumbai
http://www.wikidata.org/entity/Q358035,adler-brauerei coswig,Germany,Q358035,trademark,Germany,Coswig
http://www.wikidata.org/entity/Q358071,adler & oppenheimer,Germany,Q358071,business,Germany,Berlin
http://www.wikidata.org/entity/Q358071,adler & oppenheimer,German Reich,Q358071,business,Germany,Berlin
http://www.wikidata.org/entity/Q358196,adler modemärkte,Germany,Q358196,German clothing and accessories store,Germany,Haibach
http://www.wikidata.org/entity/Q358663,adm – agentur für dialogmarketing,Germany,Q358663,company,Germany,Mannheim
http://www.wikidata.org/entity/Q359612,todd-ao,United States,Q359612,American post-production company; anamorphic cinema film format trade name,United States,Hollywood
http://www.wikidata.org/entity/Q360802,waltham watch company,United States,Q360802,American company,United States,Amsterdam
http://www.wikidata.org/entity/Q361203,adolf darbo ag,Austria,Q361203,Austrian company,Austria,Stans
http://www.wikidata.org/entity/Q361554,holland casino,Netherlands,Q361554,"State-owned enterprise in the Netherlands, the regulator of online and offline casino market",Netherlands,Hoofddorp
http://www.wikidata.org/entity/Q361836,yogi tea,United States,Q361836,company,United States,Springfield
http://www.wikidata.org/entity/Q362582,upc switzerland,Switzerland,Q362582,cable provider in Switzerland,Switzerland,Zurich
http://www.wikidata.org/entity/Q362844,first comics,United States,Q362844,american comic book publisher (1983-1991),United States,Chicago
http://www.wikidata.org/entity/Q363022,lucas entertainment,United States,Q363022,American pornographic film studio,United States,New York City
http://www.wikidata.org/entity/Q365720,canadian arrow,Canada,Q365720,company,Canada,St. Clair
http://www.wikidata.org/entity/Q365751,chicago great western railway,United States,Q365751,"Class I railroad that linked Chicago, Minneapolis, Omaha, and Kansas City",United States,Oelwein
http://www.wikidata.org/entity/Q365948,helixe,United States,Q365948,American video game developer,United States,Burlington
http://www.wikidata.org/entity/Q366149,magnepan,United States,Q366149,company,United States,White Bear Lake
http://www.wikidata.org/entity/Q366182,general logistics systems,Netherlands,Q366182,multinational logistics company,Netherlands,Amsterdam-Duivendrecht
http://www.wikidata.org/entity/Q366353,bowers & wilkins,United Kingdom,Q366353,British company specializing in audio equipment,United Kingdom,Worthing
http://www.wikidata.org/entity/Q366601,b92,Serbia,Q366601,Serbian news station,Serbia,Belgrade
http://www.wikidata.org/entity/Q366630,pink (serbia),Serbia,Q366630,company,Serbia,Belgrade
http://www.wikidata.org/entity/Q366651,audible,United Kingdom,Q366651,Amazon-owned seller and producer of spoken online audio content,United Kingdom,Newark
http://www.wikidata.org/entity/Q367412,razer inc.,United States,Q367412,Singaporean-American technological company which specializes in products marketed to gamers,United States,San Francisco
http://www.wikidata.org/entity/Q367412,razer inc.,Singapore,Q367412,Singaporean-American technological company which specializes in products marketed to gamers,United States,San Francisco
http://www.wikidata.org/entity/Q367412,razer inc.,Cayman Islands,Q367412,Singaporean-American technological company which specializes in products marketed to gamers,United States,San Francisco
http://www.wikidata.org/entity/Q367931,yanagisawa wind instruments,Japan,Q367931,company,Japan,Azusawa
http://www.wikidata.org/entity/Q368151,mediaset,Italy,Q368151,Italian-based mass media company which is the largest commercial broadcaster in the country,Italy,Milan
http://www.wikidata.org/entity/Q368181,vornado realty trust,United States,Q368181,company,United States,New York City
http://www.wikidata.org/entity/Q368535,four music,Germany,Q368535,German record label,Germany,Berlin-Mitte
http://www.wikidata.org/entity/Q368777,hoya corporation,Japan,Q368777,company,Japan,Shinjuku
http://www.wikidata.org/entity/Q173150,pratt & whitney,United States,Q173150,aircraft engine manufacturer,United States,East Hartford
http://www.wikidata.org/entity/Q173216,tneb limited,India,Q173216,Tamel Nadu power generation and distribution company,India,Chennai
http://www.wikidata.org/entity/Q173224,techniques d'avant garde,United Kingdom,Q173224,company,United Kingdom,Luxembourg
http://www.wikidata.org/entity/Q173259,ilmor,United Kingdom,Q173259,Engineering company,United Kingdom,Brixworth
http://www.wikidata.org/entity/Q173357,simca,France,Q173357,automobile company,France,Nanterre
http://www.wikidata.org/entity/Q173395,cisco,United States,Q173395,American multinational technology company,United States,San Jose
http://www.wikidata.org/entity/Q173601,reynard motorsport,United Kingdom,Q173601,British racing car manufacturer,United Kingdom,Bicester
http://www.wikidata.org/entity/Q174035,formula one group,France,Q174035,company,France,London
http://www.wikidata.org/entity/Q174081,meiji yasuda life,Japan,Q174081,Japanese life insurance company,Japan,Meiji Seimei Kan
http://www.wikidata.org/entity/Q174824,petrol group,Slovenia,Q174824,Slovenia-based oil company,Slovenia,Ljubljana
http://www.wikidata.org/entity/Q175106,tim hortons,Canada,Q175106,Canadian multinational quick-service restaurant chain,Canada,Oakville
http://www.wikidata.org/entity/Q175391,fender musical instruments corporation,United States,Q175391,American manufacturer of stringed instruments and amplifiers,United States,Nabari Station
http://www.wikidata.org/entity/Q175673,alpine holding,Austria,Q175673,construction company,Austria,Wals-Siezenheim
http://www.wikidata.org/entity/Q175835,sartorius ag,Germany,Q175835,German technology company specializing in equipment and services for the biopharmaceutical industry,Germany,Göttingen
http://www.wikidata.org/entity/Q175964,"lietuvos paštas, ab",Lithuania,Q175964,public company based in Lithuania,Lithuania,Vilnius
http://www.wikidata.org/entity/Q176375,weekendavisen,Denmark,Q176375,periodical literature,Denmark,Copenhagen
http://www.wikidata.org/entity/Q176400,phoenix contact,Germany,Q176400,company,Germany,Blomberg
http://www.wikidata.org/entity/Q176587,check point,Israel,Q176587,Israeli security company,Israel,Tel Aviv
http://www.wikidata.org/entity/Q176712,computershare,Australia,Q176712,company,Australia,Melbourne
http://www.wikidata.org/entity/Q176856,atlas elektronik,Germany,Q176856,German naval/marine electronics and systems company,Germany,Bremen
http://www.wikidata.org/entity/Q177417,q177417,Switzerland,Q177417,Swiss multinational manufacturer of agricultural machinery and heavy equipment,Switzerland,Burgdorf
http://www.wikidata.org/entity/Q177747,radio televisyen malaysia,Malaysia,Q177747,Malaysian public broadcaster,Malaysia,Kuala Lumpur
http://www.wikidata.org/entity/Q178308,gardena ag,Germany,Q178308,German company,Germany,Ulm
http://www.wikidata.org/entity/Q178516,gucci,Italy,Q178516,"Italian luxury fashion house based in Florence, Italy",Italy,Italy
http://www.wikidata.org/entity/Q178778,ricoh,Japan,Q178778,Japanese multinational imaging and electronics company,Japan,Tokyo
http://www.wikidata.org/entity/Q179200,metro-goldwyn-mayer,United States,Q179200,American film and television and distribution company,United States,Los Angeles
http://www.wikidata.org/entity/Q179410,ornua,Ireland,Q179410,company,Ireland,Dublin
http://www.wikidata.org/entity/Q179433,bridgestone,Japan,Q179433,Japanese multinational manufacturer,Japan,Tokyo
http://www.wikidata.org/entity/Q179597,odebrecht engenharia & construção,Brazil,Q179597,Brazilian civil engineering firm,Brazil,Salvador
http://www.wikidata.org/entity/Q180106,owens-illinois,United States,Q180106,American manufacturing company,United States,Toledo
http://www.wikidata.org/entity/Q180855,heineken international,Netherlands,Q180855,Dutch beer company,Netherlands,Amsterdam
http://www.wikidata.org/entity/Q180922,cae inc.,Canada,Q180922,Canadian company,Canada,Montreal
http://www.wikidata.org/entity/Q181114,stellantis north america,United States,Q181114,American automotive manufacturer,United States,Chrysler Headquarters and Technology Center
http://www.wikidata.org/entity/Q181507,suntrust banks,United States,Q181507,American bank holding company,United States,Atlanta
http://www.wikidata.org/entity/Q181554,hempel a/s,Denmark,Q181554,company,Denmark,Kongens Lyngby
http://www.wikidata.org/entity/Q181608,timor telecom,Timor-Leste,Q181608,company,Timor-Leste,Dili
http://www.wikidata.org/entity/Q181642,suzuki motor corporation,Japan,Q181642,Japanese multinational automotive corporation,Japan,Hamamatsu
http://www.wikidata.org/entity/Q181697,raaberbahn,Hungary,Q181697,transport company,Hungary,Sopron
http://www.wikidata.org/entity/Q181697,raaberbahn,Austria–Hungary,Q181697,transport company,Hungary,Sopron
http://www.wikidata.org/entity/Q182052,awe limited,Australia,Q182052,company,Australia,Sydney
http://www.wikidata.org/entity/Q182197,kongsberg automotive,Norway,Q182197,company,Norway,Kongsberg
http://www.wikidata.org/entity/Q182399,j. barbour and sons,United Kingdom,Q182399,English luxury fashion business founded by John Barbour in 1894,United Kingdom,South Shields
http://www.wikidata.org/entity/Q182477,nvidia,United States,Q182477,American multinational technology company,United States,California
http://www.wikidata.org/entity/Q183207,makeyev rocket design bureau,Russia,Q183207,company,Russia,Miass
http://www.wikidata.org/entity/Q183231,bank of england,United Kingdom,Q183231,central bank of the United Kingdom,United Kingdom,Bank of England building in London
http://www.wikidata.org/entity/Q183275,mitsubishi,Japan,Q648280,Japanese company,Japan,Minato
http://www.wikidata.org/entity/Q183412,emi,United States,Q183412,defunct British music recording and publishing company,United States,London
http://www.wikidata.org/entity/Q183412,emi,United Kingdom,Q183412,defunct British music recording and publishing company,United States,London
http://www.wikidata.org/entity/Q183538,woolworth gmbh,Germany,Q183538,European chain of discount department stores,Germany,Frankfurt
http://www.wikidata.org/entity/Q184593,zehnacker-gruppe,Germany,Q184593,"group of companies in the field of Facility Management, based in Singen in Baden-Württemberg",Germany,Singen
http://www.wikidata.org/entity/Q184860,euronics,Netherlands,Q58623216,Czech company,Czech Republic,Zlín
http://www.wikidata.org/entity/Q184978,zeisner feinkost gmbh & co. kg,Germany,Q184978,German food company,Germany,Grasberg
http://www.wikidata.org/entity/Q184994,zeiss ikon,Germany,Q184994,company,Germany,Stuttgart
http://www.wikidata.org/entity/Q185278,news corporation,United States,Q14289857,American multinational mass media company (2013-),United States,New York City
http://www.wikidata.org/entity/Q185334,rhône-poulenc,France,Q185334,company,France,Paris
http://www.wikidata.org/entity/Q185564,s-oil,South Korea,Q185564,company,South Korea,Seoul
http://www.wikidata.org/entity/Q185620,abs jets,Czech Republic,Q185620,company in the Czech Republic,Czech Republic,Prague
http://www.wikidata.org/entity/Q185691,celemony,Germany,Q185691,German musical software company,Germany,Munich
http://www.wikidata.org/entity/Q185769,zeno-watch basel,Switzerland,Q185769,company,Switzerland,Basel
http://www.wikidata.org/entity/Q186012,q186012,Taiwan,Q186012,Taiwanese electronics company,Taiwan,New Taipei
http://www.wikidata.org/entity/Q186394,fujitsu,Japan,Q186394,Japanese multinational information technology equipment and services company,Japan,Shiodome City Center
http://www.wikidata.org/entity/Q383711,dekra se,Denmark,Q383711,International testing and inspection company,Denmark,Stuttgart
http://www.wikidata.org/entity/Q383711,dekra se,Germany,Q383711,International testing and inspection company,Denmark,Stuttgart
http://www.wikidata.org/entity/Q383911,falck group,Italy,Q383911,Italian steel mill company,Italy,Sesto San Giovanni
http://www.wikidata.org/entity/Q384011,japanese national railways,Japan,Q384011,public corporation that operated Japanese national railway network from 1949 to 1987,Japan,Marunouchi
http://www.wikidata.org/entity/Q384045,delaware and hudson railway,United States,Q384045,company,United States,Albany
http://www.wikidata.org/entity/Q384744,ximian,United States,Q384744,company,United States,Boston
http://www.wikidata.org/entity/Q384930,warner bros. cartoons,United States,Q384930,former in-house animation division of Warner Bros.,United States,Los Angeles
http://www.wikidata.org/entity/Q385101,oji paper company,Japan,Q385101,company,Japan,Ginza
http://www.wikidata.org/entity/Q385452,avid technology,United States,Q385452,American multimedia technology company,United States,Burlington
http://www.wikidata.org/entity/Q385518,sk sigma olomouc,Czech Republic,Q385518,association football club in Czechia,Czech Republic,Olomouc
